{
  "回測摘要": {
    "cagr": 0.05681953619574909,
    "vol": 0.061418918626245704,
    "sharpe": 0.92511456513122,
    "max_dd": -0.12664999999999998,
    "wins": 5,
    "n": 23,
    "spy_cagr": 0.11186856164951497,
    "spy_vol": 0.1613132541781207,
    "crisis_ours": -0.05137749999999999,
    "crisis_spy": -0.27549999999999997
  },
  "IRR預測": {
    "1": {
      "期望IRR": 0.05281361266352942,
      "P10": -0.027831758264167804,
      "中位數": 0.05455988295409819,
      "P90": 0.13408971966340297,
      "正報酬機率": 0.8051,
      "期末金額": 105281.36126635295
    },
    "2": {
      "期望IRR": 0.05042699309413775,
      "P10": -0.0104936671874651,
      "中位數": 0.05262548501757247,
      "P90": 0.10929916008101905,
      "正報酬機率": 0.861,
      "期末金額": 110578.19272096085
    },
    "3": {
      "期望IRR": 0.05011479297071807,
      "P10": -0.0011347945302658125,
      "中位數": 0.05158078162856583,
      "P90": 0.09965553947047161,
      "正報酬機率": 0.8964,
      "期末金額": 116310.92378424846
    },
    "4": {
      "期望IRR": 0.050480166344338,
      "P10": 0.007791755666445299,
      "中位數": 0.052066838719980635,
      "P90": 0.09190700080711281,
      "正報酬機率": 0.9302,
      "期末金額": 122533.23395293878
    },
    "5": {
      "期望IRR": 0.050380637760691335,
      "P10": 0.010438618133847277,
      "中位數": 0.05111284727461163,
      "P90": 0.08937825715106182,
      "正報酬機率": 0.9457,
      "期末金額": 128956.25554508428
    }
  }
}