{
  "投資組合": {
    "總資金": 100000,
    "基準日期": "2026-03-29",
    "策略名稱": "全球多資產ETF智慧配置",
    "核心理念": "地區分散+資產分散+主題衛星，參考Vanguard/BlackRock 2026年配置建議"
  },
  "模型比較": {
    "60/40 傳統": {
      "cagr": 0.07707944336020534,
      "vol": 0.10259702009360253,
      "sharpe": 0.7512834514090497,
      "max_dd": -0.18791571905493476,
      "cum": 3.7555689384593274,
      "years": 21
    },
    "Vanguard 2026 (40/60)": {
      "cagr": 0.036396894224419496,
      "vol": 0.040822818375557686,
      "sharpe": 0.8915821021855714,
      "max_dd": -0.0306880266846514,
      "cum": 0.153730600072582,
      "years": 4
    },
    "全天候 (Dalio)": {
      "cagr": 0.05971838842921717,
      "vol": 0.019155277816073277,
      "sharpe": 3.1175944824515787,
      "max_dd": 0.027674500161291287,
      "cum": 0.261135879002069,
      "years": 4
    }
  },
  "IRR預測": {
    "1": {
      "期望IRR": 0.07727984121719077,
      "P10": 0.025258261995000923,
      "中位數": 0.07693908193663912,
      "P90": 0.13045570632806353,
      "正報酬機率": 0.9733,
      "期末金額_期望": 107727.98412171907
    },
    "2": {
      "期望IRR": 0.07632144843200696,
      "P10": 0.03940775425741965,
      "中位數": 0.07598666279148625,
      "P90": 0.11320843726380377,
      "正報酬機率": 0.9964,
      "期末金額_期望": 115928.36950504605
    },
    "3": {
      "期望IRR": 0.07724390691334797,
      "P10": 0.04743854142096804,
      "中位數": 0.07689824799924361,
      "P90": 0.10727491384774729,
      "正報酬機率": 0.9992,
      "期末金額_期望": 125187.84184595768
    },
    "4": {
      "期望IRR": 0.07653138724844306,
      "P10": 0.05077392194160182,
      "中位數": 0.07642175848225363,
      "P90": 0.10254837586895449,
      "正報酬機率": 1.0,
      "期末金額_期望": 134598.6376978777
    },
    "5": {
      "期望IRR": 0.07651947158278778,
      "P10": 0.05295671982958419,
      "中位數": 0.07669495679184235,
      "P90": 0.09990976028319312,
      "正報酬機率": 1.0,
      "期末金額_期望": 144996.25662018586
    }
  }
}